{
   "mean": [
      -5.3957932924701926e-05,
      2.309812267630817e-05,
      0.01201404190267945
   ],
   "std": [
      0.008491421564094161,
      0.008320628460570603,
      0.0059367757356173214
   ],
   "max": [
      0.012499014382754001,
      0.012492983600958001,
      0.026500002075286
   ],
   "min": [
      -0.012481472983657002,
      -0.012499433333538002,
      0.00466666691499
   ]
}