{
   "mean": [
      -6.159081735535294e-05,
      0.00023592435304216374,
      0.011933152182097393
   ],
   "std": [
      0.008482059242733748,
      0.008301953861747252,
      0.0060436677808843485
   ],
   "max": [
      0.012499014382754001,
      0.012492983600958001,
      0.026500002075286
   ],
   "min": [
      -0.012481472983657002,
      -0.012499433333538002,
      0.00466666691499
   ]
}